qqpLFLI6Yjlq9pCLpq5Kjh/DZWyXTOovoiePGS6z65I=,ed25519,1000000000000000000000,0
VXhpleL/0Af3AzBZtn5anObeyew0mg87Nx0GP2c8XMA=,ed25519,0,226
FZicKeddnb5PSpYqtq/htBGikO70JAgcbAAeYwSHUCU=,ed25519,0,226
wyAjIzkOYx4cK+zDazV1FTRjjkDLXXi2Uiiitss1Aws=,ed25519,0,226
dyBGSkwGA4VM7wOEpcqzbpWB0hGftlw8AW60gK4uIDk=,ed25519,0,62
PzpJHLev31Gm+HJPNPbK5wg5Z8EftAihFXCjhBFv4kM=,ed25519,0,26
VekN+J+wCtzPCk+bODfiRSso2EQGBAAKlpT29OqmYfc=,ed25519,0,28
+W06wJQuhPz+jY1mZsu7aHniUOpI/pmtHy1ArI3exig=,ed25519,0,48
bWLD0Rc7XOzIXg35NDlov9xTn9u2rGGutdDk0sGGL18=,ed25519,0,47
2PtgKQKz3gfwO2ezTM4RCm63meXSlzbHzsH1qiag7/A=,ed25519,0,10
IJ3dSJJjiIsKDkBgIPubx8mSt2J5B6ebCO4nG4h7SQo=,ed25519,0,62
xQz9/3z/f2M8oGPaCp4wdwFNvLtlRvNMZkF+iUw59M4=,ed25519,0,87
RXkiXHXUBhD2E+x17MLxMnIaYmZcVuEvWZF13wPU+Uc=,ed25519,0,30
mClhiuGIMSkO+V4wCCOC5nu2BRyM4f79/oTfeah7HMg=,ed25519,0,44
ItVJmgw22LTO7Zt+aEEdHUaqa7hTYvZanivqKHu1tWQ=,ed25519,0,84
wFEOLh2gbOztfZC2Ay7h8qs69394+lPfGhUVgr7991Q=,ed25519,0,10
Fsod0+A3a+McCnf/PTWNFD65OpatdO59Jd1AU2z57TM=,ed25519,0,59
4SMZHpwI8FF0Q2Vdxo+CtqjPPicHGkszUlmumj+0YjA=,ed25519,0,26
ofW1ac3SNktBfZxxtaZJi9qbT7SNCViNgtiWHxLA33k=,ed25519,0,11
+zO/QxC4xEiSRg3NSWlyyFn6ut3BJaRBy4irVOdz1HA=,ed25519,0,54
4XzSvdXZM2antBhscJqH8x8QUvo3GIzD6649LU8G0I0=,ed25519,0,10
Q/lqFhCkdtC0qE4cuKFSkDn+QXIEpqeVGVWGa+PV1pg=,ed25519,0,83
elAxOKGxnol5Cm7kkNJDBY1/jL01Egvv5f78K/uT98g=,ed25519,0,44
IccyoUCq4jGPv32FFdS3tpWjosew5LmwDc8RWaaptjk=,ed25519,0,60
A5OwFGYVFdpLawuzjXUOiwTMAagcSDT4pSV0W7WUrWk=,ed25519,0,78
VYQdmA4DvMxhzf2p2faUwSsTbHBMDR82bsIzTZFNT1Y=,ed25519,0,35
NKmMko7TxeMOtcXkCrt5A7tRsQ0SJ08uqWNl6AQjJMA=,ed25519,0,100
sEYXFnoS+7vtSZb2RBU2ZD8PjK4amgN49RuMENEh1NI=,ed25519,0,58
a7ZlmYo0glwhJCMk7Y6xDw04uQdWXlN3J7z+b8xb4fE=,ed25519,0,32
mSHVwGG4Q5trDg5WQr62bWvWOohh/lkMlQHQcECa/ew=,ed25519,0,28
8ZWqWXzcAfrhi2a0qJMNrW/WCk9Gs+X+e4pDwK4xpHI=,ed25519,0,10
qUqMQ6tHE3jJ+CANXshk0kLTLT3DjyGAUzeJnO75SVw=,ed25519,0,70
eiGjfwISKB0o/25vKSLkCzaRUB8h5DkgpYqXUY+ss2w=,ed25519,0,56
1cRRvIGwK8TcVvQw9X8muZUdRGEx/RL1+ZOWvNxvNtE=,ed25519,0,63
YCMTrTjbCAPjY9bdKBIAqIYumwPkRAtE8n8L+JMSma0=,ed25519,0,78
OcDowelEoVhKPEdCt9gU7RbxK7ba32/07tp5IBS/y30=,ed25519,0,6
KERRL6ukapUlW69gU9lXoojY5GBisQp832l8Herkc6w=,ed25519,0,37
W/Zny5om3nvhwyGyxb0AGVJ7H5lixmOE+aj4Xz+A2cA=,ed25519,0,67
31OEf1SJ+jfYN7ulD5055moDqT5aMpCnlR0UDCBFezU=,ed25519,0,89
cffc16a9c7340884d787d151ebf8bc80a4b7bcd6a4c31acd86b1727544c1ac07,ed25519,0,10
5PI67g29RfGsW/XXILNE8FcRiohvlgd3Si3OmEXH9Q0=,ed25519,0,10
sz3Qcu9ae23hiJoq8LddPQYMGfclheHP9l/2Ji5LFqA=,ed25519,0,84
XOK9kHNTuY/a6/VxCwRa2B8hawCSnmngeB2zEItNRhM=,ed25519,0,76
AXxeurHZEecHCwoVHmqSe7F2GvGkG4JEFV7LCehCowE=,ed25519,0,78
dmsXVjc8ms3/D1p1FaslttJiAz6D9gnyxYHQ/rPEprs=,ed25519,0,10
jL5O+s7MO8D+Rk6owFJzvWFUyghlb3+geDVeOCbC2fU=,ed25519,0,93
vxYbXULdNxunlOAUmvDhGT88hoIA0mcbiZ2qMpixAb0=,ed25519,0,48
4E4bbOgy960xUAMgSiMdYrTTVTWZ7ljGhPXg/I27+EI=,ed25519,0,89
DOW+bLKFETNMD6w3gz/MiJBOJtHOjfmgsTe+JIQwhaU=,ed25519,0,27
680a2b589499ce65bb3855eb0294be1210a4f463c6e15bc2e1ed660da02d3a31,ed25519,0,19
